id;chapter_id;chapter_title;chapter_description;chaper_number;start_date;end_date
1;National Handmade Shoes;Gloves;Jersey Senior Rwanda;84621;2023-05-05;2023-05-05
2;Beauty protocol;Specialist Interactions;Jewelery Identity firewall;94193;2023-05-05;2023-05-05
3;Fantastic virtual primary;deposit Generic;Franc Benin;82780;2023-05-05;2023-05-05
4;Director generate Architect;Fresh Cambridgeshire engage;Credit Manat;44303;2023-05-06;2023-05-05
5;Tennessee;Music Handcrafted;Plastic;81099;2023-05-05;2023-05-05
6;Infrastructure Bacon Buckinghamshire;Quality Wisconsin Home;Innovative;65677;2023-05-05;2023-05-06
7;Salad Unbranded Human;Mews Wooden;bus Account holistic;33225;2023-05-05;2023-05-05
8;Metal;Strategist Fresh Cambridgeshire;Profit-focused Consultant reboot;84838;2023-05-05;2023-05-05
9;protocol Rustic Kwanza;Tasty compress;Venezuela;21218;2023-05-05;2023-05-05
10;payment 1080p;Chicken Pataca;Saudi success lime;80002;2023-05-05;2023-05-05
